Species_name,miRBase_id,PmiREN_id,sRNAanno_id,Final_id
Acacia auriculiformis,aau,NULL,NULL,aau
Acacia mangium,amg,NULL,NULL,amg
Actinidia chinensis,NULL,ach,ach,ach
Aegilops tauschii,ata,NULL,ata,ata
Amborella trichopoda,atr,atr,atr,atr
Ananas comosus,NULL,NULL,aco,aco
Antirrhinum majus,NULL,NULL,amj,amj
Aquilegia caerulea,aqc,NULL,NULL,aqc
Arabidopsis halleri,NULL,aha,NULL,aha
Arabidopsis lyrata,aly,aly,aly,aly
Arabidopsis thaliana,ath,ath,ath,ath
Arachis duranensis,NULL,NULL,adu,adu
Arachis hypogaea,ahy,NULL,NULL,ahy
Arachis ipaensis,NULL,NULL,aip,aip
Arachis monticola,NULL,NULL,amo,amo
Asparagus officinalis,aof,aof,aof,aof
Avicennia marina,ama,NULL,NULL,ama
Azolla filiculoides,NULL,NULL,afi,afi
Beta vulgaris,NULL,NULL,bvu,bvu
Betula pendula,NULL,NULL,bpe,bpe
Boehmeria nivea,NULL,NULL,bnv,bnv
Brachypodium distachyon,bdi,bdi,bdi,bdi
Brassica juncea,NULL,bju,bju,bju
Brassica napus,bna,bna,bna,bna
Brassica nigra,NULL,bni,bni,bni
Brassica oleracea,bol,bol,bol,bol
Brassica rapa,bra,bra,bra,bra
Bruguiera cylindrica,bcy,NULL,NULL,bcy
Bruguiera gymnorhiza,bgy,NULL,NULL,bgy
Cajanus cajan,NULL,NULL,ccj,ccj
Camelina sativa,cas,NULL,cas,cas
Camellia sinensis,NULL,NULL,csn,csn
Capsella rubella,NULL,cru,cru,cru
Capsicum annuum,NULL,can,can,can
Carica papaya,cpa,cpa,cpa,cpa
Carthamus tinctorius,NULL,cti,NULL,cti
Catharanthus roseus,NULL,NULL,cro,cro
Cenchrus americanus,NULL,NULL,cam,cam
Cephalotus follicularis,NULL,NULL,cfo,cfo
Chenopodium quinoa,NULL,NULL,cqu,cqu
Chlamydomonas reinhardtii,cre,cre,cre,cre
Chrysanthemum nankingense,NULL,NULL,cna,cna
Cicer arietinum,NULL,car,car,car
Cicer reticulatum,NULL,NULL,cri,cri
Citrullus lanatus,NULL,cla,cla,cla
Citrus clementina,ccl,ccl,ccl,ccl
Citrus grandis,NULL,NULL,cgr,cgr
Citrus maxima,NULL,cit,NULL,cit
Citrus reticulata,crt,NULL,crt,crt
Citrus sinensis,csi,csi,csi,csi
Citrus trifoliata,ctr,NULL,NULL,ctr
Cocos nucifera,NULL,NULL,cnu,cnu
Coffea arabica,NULL,NULL,caa,caa
Coffea canephora,NULL,NULL,ccn,ccn
Cucumis melo,cme,cme,cme,cme
Cucumis sativus,cst,csa,cst,cst
Cucurbita maxima,NULL,cma,cma,cma
Cucurbita moschata,NULL,cmo,cmo,cmo
Cucurbita pepo,NULL,NULL,cpe,cpe
Cunninghamia lanceolata,cln,NULL,NULL,cln
Cuscuta campestris,NULL,NULL,ccm,ccm
Cynara cardunculus,cca,NULL,NULL,cca
Daucus carota,NULL,NULL,dca,dca
Dendrobium catenatum,NULL,NULL,dct,dct
Dendrobium officinale,NULL,NULL,dof,dof
Digitalis purpurea,dpr,NULL,NULL,dpr
Dimocarpus longan,NULL,NULL,dlo,dlo
Elaeis guineensis,egu,NULL,egu,egu
Eleusine coracana,NULL,NULL,eco,eco
Eragrostis tef,NULL,NULL,ete,ete
Erythranthe guttata,NULL,egu,NULL,egt
Eucalyptus grandis,NULL,NULL,egr,egr
Eugenia uniflora,eun,NULL,NULL,eun
Eutrema salsugineum,NULL,esa,esa,esa
Fagopyrum esculentum,NULL,NULL,fes,fes
Fagus sylvatica,NULL,fsy,NULL,fsy
Festuca arundinacea,far,NULL,NULL,far
Fragaria ananassa,NULL,fan,fan,fan
Fragaria vesca,fve,fve,fve,fve
Fraxinus excelsior,NULL,fex,NULL,fex
Ginkgo biloba,NULL,gbi,gbi,gbi
Glycine max,gma,gma,gma,gma
Glycine soja,gso,NULL,gso,gso
Gossypium arboreum,gar,gar,gar,gar
Gossypium barbadense,NULL,gba,gba,gba
Gossypium herbaceum,ghb,NULL,NULL,ghb
Gossypium hirsutum,ghr,ghi,ghr,ghr
Gossypium raimondii,gra,NULL,gra,gra
Helianthus annuus,han,NULL,han,han
Helianthus argophyllus,har,NULL,NULL,har
Helianthus ciliaris,hci,NULL,NULL,hci
Helianthus exilis,hex,NULL,NULL,hex
Helianthus paradoxus,hpa,NULL,NULL,hpa
Helianthus petiolaris,hpe,NULL,NULL,hpe
Helianthus tuberosus,htu,NULL,NULL,htu
Hevea brasiliensis,hbr,hbr,hbr,hbr
Hibiscus syriacus,NULL,hsy,hsy,hsy
Hordeum vulgare,hvu,NULL,hvu,hvu
Humulus lupulus,NULL,NULL,hlu,hlu
Ipomoea batatas,NULL,iba,iba,iba
Jatropha curcas,NULL,jcu,jcu,jcu
Juglans regia,NULL,NULL,jre,jre
Lactuca sativa,NULL,lsa,lsa,lsa
Lagenaria siceraria,NULL,lsi,lsi,lsi
Linum usitatissimum,lus,NULL,lus,lus
Lotus japonicus,lja,lja,lja,lja
Lupinus angustifolius,NULL,NULL,lan,lan
Macadamia integrifolia,NULL,NULL,min,min
Malus domestica,mdm,NULL,mdm,mdm
Mangifera indica,NULL,NULL,mid,mid
Manihot esculenta,mes,mes,mes,mes
Marchantia polymorpha,NULL,NULL,mpo,mpo
Medicago truncatula,mtr,mtr,mtr,mtr
Moringa oleifera,NULL,NULL,mol,mol
Morus notabilis,NULL,NULL,mno,mno
Musa acuminata,NULL,mac,mac,mac
Nelumbo nucifera,NULL,nnu,nnu,nnu
Nicotiana attenuata,NULL,NULL,nat,nat
Nicotiana benthamiana,NULL,nbe,nbe,nbe
Nicotiana tabacum,nta,nta,nta,nta
Olea europaea,NULL,oeu,oeu,oeu
Oryza barthii,NULL,NULL,oba,oba
Oryza glaberrima,NULL,ogl,ogl,ogl
Oryza nivara,NULL,oni,oni,oni
Oryza rufipogon,NULL,oru,oru,oru
Oryza sativa,osa,osa,osa,osa
Paeonia lactiflora,pla,NULL,NULL,pla
Panax ginseng,pgi,NULL,NULL,pgi
Panax notoginseng,NULL,NULL,pno,pno
Panicum hallii,NULL,pha,NULL,pha
Panicum virgatum,NULL,pvi,NULL,pvi
Persea americana,NULL,pam,pam,pam
Phalaenopsis aphrodite,NULL,pap,pap,pap
Phaseolus vulgaris,pvu,pvu,pvu,pvu
Phoenix dactylifera,NULL,pda,pda,pda
Phyllostachys heterocycla,NULL,NULL,phe,phe
Physcomitrella patens,ppt,ppa,ppt,ppt
Picea abies,pab,pab,pab,pab
Pinus densata,pde,NULL,NULL,pde
Pinus taeda,pta,NULL,NULL,pta
Piper nigrum,NULL,NULL,pni,pni
Pisum sativum,NULL,psa,NULL,psa
Pogostemon cablin,NULL,NULL,pca,pca
Populus alba,NULL,NULL,pal,pal
Populus euphratica,peu,peu,NULL,peu
Populus tremula,NULL,NULL,ptr,ptr
Populus trichocarpa,ptc,ptr,ptc,ptc
Prunus avium,NULL,NULL,pav,pav
Prunus dulcis,NULL,NULL,pdu,pdu
Prunus persica,ppe,ppe,ppe,ppe
Punica granatum,NULL,pgr,pgr,pgr
Pyrus bretschneideri,NULL,NULL,pbr,pbr
Quercus robur,NULL,qro,NULL,qro
Raphanus sativus,NULL,NULL,rsa,rsa
Rehmannia glutinosa,rgl,NULL,NULL,rgl
Ricinus communis,rco,rco,rco,rco
Saccharum hybrid cultivar,NULL,scu,NULL,scu
Saccharum officinarum,sof,NULL,NULL,sof
Saccharum sp.,ssp,NULL,NULL,ssp
Salicornia europaea,seu,NULL,NULL,seu
Salvia miltiorrhiza,smi,NULL,smi,smi
Salvia sclarea,ssl,NULL,NULL,ssl
Salvinia cucullata,NULL,NULL,scc,scc
Selaginella moellendorffii,smo,smo,smo,smo
Setaria italica,NULL,sit,sit,sit
Silene latifolia,NULL,sla,NULL,sla
Solanum habrochaites,NULL,sha,NULL,sha
Solanum lycopersicum,sly,sly,sly,sly
Solanum melongena,NULL,sme,sme,sme
Solanum pennellii,NULL,spe,spe,spe
Solanum pimpinellifolium,NULL,spi,spi,spi
Solanum tuberosum,stu,stu,stu,stu
Sorghum bicolor,sbi,sbi,sbi,sbi
Spinacia oleracea,NULL,NULL,sol,sol
Spirodela polyrhiza,NULL,spo,spo,spo
Tarenaya hassleriana,NULL,NULL,tha,tha
Theobroma cacao,tcc,NULL,tcc,tcc
Triticum aestivum,tae,tae,tae,tae
Triticum turgidum,ttu,NULL,NULL,ttu
Triticum urartu,NULL,NULL,tur,tur
Vaccinium corymbosum,NULL,NULL,vco,vco
Vigna radiata,NULL,NULL,vra,vra
Vigna unguiculata,vun,vun,NULL,vun
Vitis vinifera,vvi,vvi,vvi,vvi
Volvox carteri,NULL,vca,vca,vca
Vriesea carinata,vca,NULL,NULL,vcr
Zea mays,zma,zma,zma,zma
Ziziphus jujuba,NULL,NULL,zju,zju
Zostera marina,NULL,zos,zos,zos
