Group	Species	Project	Run	Treatment	Replicate	Level	Time	Cultivar	Tissue	Stage	Genotype	Batch	Test	Design	DesignRef	DesignRed	Contrast
1	Glycine max	PRJNA720229	SRR14182708	None	3	L.0	0h	glycine-soja-W05	root	seedling-stage	G.0	B.0	Wald	~ Time	Time(0h)	DR.0	CT.0
1	Glycine max	PRJNA720229	SRR14182709	None	2	L.0	0h	glycine-soja-W05	root	seedling-stage	G.0	B.0	Wald	~ Time	Time(0h)	DR.0	CT.0
1	Glycine max	PRJNA720229	SRR14182710	None	1	L.0	0h	glycine-soja-W05	root	seedling-stage	G.0	B.0	Wald	~ Time	Time(0h)	DR.0	CT.0
1	Glycine max	PRJNA720229	SRR14182705	salt	3	0.9%	1h	glycine-soja-W05	root	seedling-stage	G.0	B.0	Wald	~ Time	Time(0h)	DR.0	CT.0
1	Glycine max	PRJNA720229	SRR14182706	salt	2	0.9%	1h	glycine-soja-W05	root	seedling-stage	G.0	B.0	Wald	~ Time	Time(0h)	DR.0	CT.0
1	Glycine max	PRJNA720229	SRR14182707	salt	1	0.9%	1h	glycine-soja-W05	root	seedling-stage	G.0	B.0	Wald	~ Time	Time(0h)	DR.0	CT.0
1	Glycine max	PRJNA720229	SRR14182698	salt	3	0.9%	2h	glycine-soja-W05	root	seedling-stage	G.0	B.0	Wald	~ Time	Time(0h)	DR.0	CT.0
1	Glycine max	PRJNA720229	SRR14182699	salt	2	0.9%	2h	glycine-soja-W05	root	seedling-stage	G.0	B.0	Wald	~ Time	Time(0h)	DR.0	CT.0
1	Glycine max	PRJNA720229	SRR14182700	salt	1	0.9%	2h	glycine-soja-W05	root	seedling-stage	G.0	B.0	Wald	~ Time	Time(0h)	DR.0	CT.0
1	Glycine max	PRJNA720229	SRR14182691	salt	3	0.9%	4h	glycine-soja-W05	root	seedling-stage	G.0	B.0	Wald	~ Time	Time(0h)	DR.0	CT.0
1	Glycine max	PRJNA720229	SRR14182692	salt	2	0.9%	4h	glycine-soja-W05	root	seedling-stage	G.0	B.0	Wald	~ Time	Time(0h)	DR.0	CT.0
1	Glycine max	PRJNA720229	SRR14182694	salt	1	0.9%	4h	glycine-soja-W05	root	seedling-stage	G.0	B.0	Wald	~ Time	Time(0h)	DR.0	CT.0
1	Glycine max	PRJNA720229	SRR14182701	salt	3	0.9%	24h	glycine-soja-W05	root	seedling-stage	G.0	B.0	Wald	~ Time	Time(0h)	DR.0	CT.0
1	Glycine max	PRJNA720229	SRR14182702	salt	2	0.9%	24h	glycine-soja-W05	root	seedling-stage	G.0	B.0	Wald	~ Time	Time(0h)	DR.0	CT.0
1	Glycine max	PRJNA720229	SRR14182703	salt	1	0.9%	24h	glycine-soja-W05	root	seedling-stage	G.0	B.0	Wald	~ Time	Time(0h)	DR.0	CT.0
1	Glycine max	PRJNA720229	SRR14182695	salt	3	0.9%	48h	glycine-soja-W05	root	seedling-stage	G.0	B.0	Wald	~ Time	Time(0h)	DR.0	CT.0
1	Glycine max	PRJNA720229	SRR14182696	salt	2	0.9%	48h	glycine-soja-W05	root	seedling-stage	G.0	B.0	Wald	~ Time	Time(0h)	DR.0	CT.0
1	Glycine max	PRJNA720229	SRR14182697	salt	1	0.9%	48h	glycine-soja-W05	root	seedling-stage	G.0	B.0	Wald	~ Time	Time(0h)	DR.0	CT.0
2	Glycine max	PRJNA720229	SRR14182728	None	3	L.0	0h	glycine-soja-W05	leaves	seedling-stage	G.0	B.0	Wald	~ Time	Time(0h)	DR.0	CT.0
2	Glycine max	PRJNA720229	SRR14182729	None	2	L.0	0h	glycine-soja-W05	leaves	seedling-stage	G.0	B.0	Wald	~ Time	Time(0h)	DR.0	CT.0
2	Glycine max	PRJNA720229	SRR14182730	None	1	L.0	0h	glycine-soja-W05	leaves	seedling-stage	G.0	B.0	Wald	~ Time	Time(0h)	DR.0	CT.0
2	Glycine max	PRJNA720229	SRR14182724	salt	3	0.9%	1h	glycine-soja-W05	leaves	seedling-stage	G.0	B.0	Wald	~ Time	Time(0h)	DR.0	CT.0
2	Glycine max	PRJNA720229	SRR14182725	salt	2	0.9%	1h	glycine-soja-W05	leaves	seedling-stage	G.0	B.0	Wald	~ Time	Time(0h)	DR.0	CT.0
2	Glycine max	PRJNA720229	SRR14182727	salt	1	0.9%	1h	glycine-soja-W05	leaves	seedling-stage	G.0	B.0	Wald	~ Time	Time(0h)	DR.0	CT.0
2	Glycine max	PRJNA720229	SRR14182718	salt	3	0.9%	2h	glycine-soja-W05	leaves	seedling-stage	G.0	B.0	Wald	~ Time	Time(0h)	DR.0	CT.0
2	Glycine max	PRJNA720229	SRR14182719	salt	2	0.9%	2h	glycine-soja-W05	leaves	seedling-stage	G.0	B.0	Wald	~ Time	Time(0h)	DR.0	CT.0
2	Glycine max	PRJNA720229	SRR14182720	salt	1	0.9%	2h	glycine-soja-W05	leaves	seedling-stage	G.0	B.0	Wald	~ Time	Time(0h)	DR.0	CT.0
2	Glycine max	PRJNA720229	SRR14182711	salt	3	0.9%	4h	glycine-soja-W05	leaves	seedling-stage	G.0	B.0	Wald	~ Time	Time(0h)	DR.0	CT.0
2	Glycine max	PRJNA720229	SRR14182712	salt	2	0.9%	4h	glycine-soja-W05	leaves	seedling-stage	G.0	B.0	Wald	~ Time	Time(0h)	DR.0	CT.0
2	Glycine max	PRJNA720229	SRR14182713	salt	1	0.9%	4h	glycine-soja-W05	leaves	seedling-stage	G.0	B.0	Wald	~ Time	Time(0h)	DR.0	CT.0
2	Glycine max	PRJNA720229	SRR14182721	salt	3	0.9%	24h	glycine-soja-W05	leaves	seedling-stage	G.0	B.0	Wald	~ Time	Time(0h)	DR.0	CT.0
2	Glycine max	PRJNA720229	SRR14182722	salt	2	0.9%	24h	glycine-soja-W05	leaves	seedling-stage	G.0	B.0	Wald	~ Time	Time(0h)	DR.0	CT.0
2	Glycine max	PRJNA720229	SRR14182723	salt	1	0.9%	24h	glycine-soja-W05	leaves	seedling-stage	G.0	B.0	Wald	~ Time	Time(0h)	DR.0	CT.0
2	Glycine max	PRJNA720229	SRR14182714	salt	3	0.9%	48h	glycine-soja-W05	leaves	seedling-stage	G.0	B.0	Wald	~ Time	Time(0h)	DR.0	CT.0
2	Glycine max	PRJNA720229	SRR14182716	salt	2	0.9%	48h	glycine-soja-W05	leaves	seedling-stage	G.0	B.0	Wald	~ Time	Time(0h)	DR.0	CT.0
2	Glycine max	PRJNA720229	SRR14182717	salt	1	0.9%	48h	glycine-soja-W05	leaves	seedling-stage	G.0	B.0	Wald	~ Time	Time(0h)	DR.0	CT.0
3	Glycine max	PRJNA720229	SRR14182747	None	3	L.0	0h	glycine-soja-C08	root	seedling-stage	G.0	B.0	Wald	~ Time	Time(0h)	DR.0	CT.0
3	Glycine max	PRJNA720229	SRR14182749	None	2	L.0	0h	glycine-soja-C08	root	seedling-stage	G.0	B.0	Wald	~ Time	Time(0h)	DR.0	CT.0
3	Glycine max	PRJNA720229	SRR14182750	None	1	L.0	0h	glycine-soja-C08	root	seedling-stage	G.0	B.0	Wald	~ Time	Time(0h)	DR.0	CT.0
3	Glycine max	PRJNA720229	SRR14182744	salt	3	0.9%	1h	glycine-soja-C08	root	seedling-stage	G.0	B.0	Wald	~ Time	Time(0h)	DR.0	CT.0
3	Glycine max	PRJNA720229	SRR14182745	salt	2	0.9%	1h	glycine-soja-C08	root	seedling-stage	G.0	B.0	Wald	~ Time	Time(0h)	DR.0	CT.0
3	Glycine max	PRJNA720229	SRR14182746	salt	1	0.9%	1h	glycine-soja-C08	root	seedling-stage	G.0	B.0	Wald	~ Time	Time(0h)	DR.0	CT.0
3	Glycine max	PRJNA720229	SRR14182738	salt	3	0.9%	2h	glycine-soja-C08	root	seedling-stage	G.0	B.0	Wald	~ Time	Time(0h)	DR.0	CT.0
3	Glycine max	PRJNA720229	SRR14182739	salt	2	0.9%	2h	glycine-soja-C08	root	seedling-stage	G.0	B.0	Wald	~ Time	Time(0h)	DR.0	CT.0
3	Glycine max	PRJNA720229	SRR14182740	salt	1	0.9%	2h	glycine-soja-C08	root	seedling-stage	G.0	B.0	Wald	~ Time	Time(0h)	DR.0	CT.0
3	Glycine max	PRJNA720229	SRR14182731	salt	3	0.9%	4h	glycine-soja-C08	root	seedling-stage	G.0	B.0	Wald	~ Time	Time(0h)	DR.0	CT.0
3	Glycine max	PRJNA720229	SRR14182732	salt	2	0.9%	4h	glycine-soja-C08	root	seedling-stage	G.0	B.0	Wald	~ Time	Time(0h)	DR.0	CT.0
3	Glycine max	PRJNA720229	SRR14182733	salt	1	0.9%	4h	glycine-soja-C08	root	seedling-stage	G.0	B.0	Wald	~ Time	Time(0h)	DR.0	CT.0
3	Glycine max	PRJNA720229	SRR14182741	salt	3	0.9%	24h	glycine-soja-C08	root	seedling-stage	G.0	B.0	Wald	~ Time	Time(0h)	DR.0	CT.0
3	Glycine max	PRJNA720229	SRR14182742	salt	2	0.9%	24h	glycine-soja-C08	root	seedling-stage	G.0	B.0	Wald	~ Time	Time(0h)	DR.0	CT.0
3	Glycine max	PRJNA720229	SRR14182743	salt	1	0.9%	24h	glycine-soja-C08	root	seedling-stage	G.0	B.0	Wald	~ Time	Time(0h)	DR.0	CT.0
3	Glycine max	PRJNA720229	SRR14182734	salt	3	0.9%	48h	glycine-soja-C08	root	seedling-stage	G.0	B.0	Wald	~ Time	Time(0h)	DR.0	CT.0
3	Glycine max	PRJNA720229	SRR14182735	salt	2	0.9%	48h	glycine-soja-C08	root	seedling-stage	G.0	B.0	Wald	~ Time	Time(0h)	DR.0	CT.0
3	Glycine max	PRJNA720229	SRR14182736	salt	1	0.9%	48h	glycine-soja-C08	root	seedling-stage	G.0	B.0	Wald	~ Time	Time(0h)	DR.0	CT.0
4	Glycine max	PRJNA720229	SRR14182748	None	3	L.0	0h	glycine-soja-C08	leaves	seedling-stage	G.0	B.0	Wald	~ Time	Time(0h)	DR.0	CT.0
4	Glycine max	PRJNA720229	SRR14182759	None	2	L.0	0h	glycine-soja-C08	leaves	seedling-stage	G.0	B.0	Wald	~ Time	Time(0h)	DR.0	CT.0
4	Glycine max	PRJNA720229	SRR14182760	None	1	L.0	0h	glycine-soja-C08	leaves	seedling-stage	G.0	B.0	Wald	~ Time	Time(0h)	DR.0	CT.0
4	Glycine max	PRJNA720229	SRR14182737	salt	1	0.9%	1h	glycine-soja-C08	leaves	seedling-stage	G.0	B.0	Wald	~ Time	Time(0h)	DR.0	CT.0
4	Glycine max	PRJNA720229	SRR14182715	salt	3	0.9%	1h	glycine-soja-C08	leaves	seedling-stage	G.0	B.0	Wald	~ Time	Time(0h)	DR.0	CT.0
4	Glycine max	PRJNA720229	SRR14182726	salt	2	0.9%	1h	glycine-soja-C08	leaves	seedling-stage	G.0	B.0	Wald	~ Time	Time(0h)	DR.0	CT.0
4	Glycine max	PRJNA720229	SRR14182757	salt	3	0.9%	2h	glycine-soja-C08	leaves	seedling-stage	G.0	B.0	Wald	~ Time	Time(0h)	DR.0	CT.0
4	Glycine max	PRJNA720229	SRR14182758	salt	2	0.9%	2h	glycine-soja-C08	leaves	seedling-stage	G.0	B.0	Wald	~ Time	Time(0h)	DR.0	CT.0
4	Glycine max	PRJNA720229	SRR14182689	salt	1	0.9%	2h	glycine-soja-C08	leaves	seedling-stage	G.0	B.0	Wald	~ Time	Time(0h)	DR.0	CT.0
4	Glycine max	PRJNA720229	SRR14182751	salt	3	0.9%	4h	glycine-soja-C08	leaves	seedling-stage	G.0	B.0	Wald	~ Time	Time(0h)	DR.0	CT.0
4	Glycine max	PRJNA720229	SRR14182752	salt	2	0.9%	4h	glycine-soja-C08	leaves	seedling-stage	G.0	B.0	Wald	~ Time	Time(0h)	DR.0	CT.0
4	Glycine max	PRJNA720229	SRR14182753	salt	1	0.9%	4h	glycine-soja-C08	leaves	seedling-stage	G.0	B.0	Wald	~ Time	Time(0h)	DR.0	CT.0
4	Glycine max	PRJNA720229	SRR14182690	salt	3	0.9%	24h	glycine-soja-C08	leaves	seedling-stage	G.0	B.0	Wald	~ Time	Time(0h)	DR.0	CT.0
4	Glycine max	PRJNA720229	SRR14182693	salt	2	0.9%	24h	glycine-soja-C08	leaves	seedling-stage	G.0	B.0	Wald	~ Time	Time(0h)	DR.0	CT.0
4	Glycine max	PRJNA720229	SRR14182704	salt	1	0.9%	24h	glycine-soja-C08	leaves	seedling-stage	G.0	B.0	Wald	~ Time	Time(0h)	DR.0	CT.0
4	Glycine max	PRJNA720229	SRR14182754	salt	3	0.9%	48h	glycine-soja-C08	leaves	seedling-stage	G.0	B.0	Wald	~ Time	Time(0h)	DR.0	CT.0
4	Glycine max	PRJNA720229	SRR14182755	salt	2	0.9%	48h	glycine-soja-C08	leaves	seedling-stage	G.0	B.0	Wald	~ Time	Time(0h)	DR.0	CT.0
4	Glycine max	PRJNA720229	SRR14182756	salt	1	0.9%	48h	glycine-soja-C08	leaves	seedling-stage	G.0	B.0	Wald	~ Time	Time(0h)	DR.0	CT.0
